<?xml version="1.0" encoding="iso-8859-1"?>
<root>
	<windowclass name="xmlimporter_importitem">
		<frame>
			<name>utilitybox</name>
			<offset>0,0,0,0</offset>
		</frame>
		<margins control="0,0,15,10" />
		<placement>
			<size width="570" height="500" />
		</placement>
		<sizelimits>
            <minimum width="570" height="500" />
			<dynamic />
        </sizelimits>


		<sheetdata>			
			<windowtitlebar name="title">
				<resource>xmlimporter_importitem_title</resource>
			</windowtitlebar>
			<anchor_title_utilitybox name="contentframe" />
            
			<close_utilitybox />
			<resize />
		</sheetdata>
	</windowclass>
</root>