<?xml version="1.0" encoding="iso-8859-1"?>
<root>
	<template name="button_xmlimporter_importitem">
		<button_text_sm name="text_button">
			<anchored to="buttonanchor" width="80">
				<top />
				<left anchor="right" relation="relative" offset="5" />
			</anchored>
			<state textres="xmlimporter_importitem_title" />
			<script>
				function onButtonPress()
					XmlImporter.importItem();
				end
			</script>
		</button_text_sm>
	</template>
	
	<template name="button_xmlimporter_importspell">
		<button_text_sm name="text_button">
			<anchored to="buttonanchor" width="80">
				<top />
				<left anchor="right" relation="relative" offset="5" />
			</anchored>
			<state textres="xmlimporter_importspell_title" />
			<script>
				function onButtonPress()
					XmlImporter.importSpell();
				end
			</script>
		</button_text_sm>
	</template>

	<template name="button_xmlimporter_importstory">
		<button_text_sm name="text_button">
			<anchored to="buttonanchor" width="80">
				<top />
				<left anchor="right" relation="relative" offset="5" />
			</anchored>
			<state textres="xmlimporter_importstory_title" />
			<script>
				function onButtonPress()
					XmlImporter.importStory();
				end
			</script>
		</button_text_sm>
	</template>
</root>


