<root version="0.1">
    <windowclass name="masterindexitem" merge="join">
        <script>
            local m_vNode = nil;
            local m_sRecordType = "";

            function onInit()
              super.onInit()
              m_vNode = getDatabaseNode();
            end

            function buildMenu()
              super.buildMenu();

              if m_sRecordType == "story"
                and DB.isOwner(m_vNode)
--                and not DB.getModule(m_vNode)
              then
                registerMenuItem(Interface.getString("export_button"), "windowexport", 3);
              end
            end

            function setRecordType(sNewRecordType)
              m_sRecordType = sNewRecordType;
              super.setRecordType(sNewRecordType);
              buildMenu();
            end

            function onMenuSelection(selection)
              if m_sRecordType == "story" and selection == 3 then
                XmlImporter.exportRecord("story", getDatabaseNode());
              end
            end
        </script>
    </windowclass>

    <template name="masterindex_list" merge="join">
      <windowlist name="list" merge="join">
        <script>
          function onDrop(x,y,draginfo)
            local sClass, sRecord = draginfo.getShortcutData();
            print(sClass);
            print(sRecord);
            result = super.onDrop(x,y,draginfo);
            print(result);
            return result;
          end
        </script>
      </windowlist>
    </template>
</root>