<root version="0.1" >
	<properties>
		<name>Utility: XML Importer</name>
		<author>BobbitTheDog</author>
		<version>0.1</version>
		<description>Adds an interface for selecting and importing 5e data records from XML files into your campaign. Currently supports Items and NPCs.</description>
		<ruleset>5E</ruleset>
		<loadorder>50</loadorder>
	</properties>

	<base>
        <includefile source="strings/xmlimporter_strings.xml" />
		<includefile source="campaign/templates_xmlimporter.xml"/>
		<includefile source="campaign/xmlimporter_masterindex.xml"/>
		<script name="XmlImporter" file="scripts/xmlimporter.lua"/>

		<includefile source="campaign/RRTest.xml" />
		<script name="RRTest" file="scripts/RRTest.lua" />
	</base>
</root>
